<?xml version="1.0" encoding="UTF-8"?>
<entity-mappings xmlns="http://java.sun.com/xml/ns/persistence/orm"
		xmlns:xsi="http://www.w3.org/2001/XMLSchema-instance"
		xsi:schemaLocation="http://java.sun.com/xml/ns/persistence/orm http://java.sun.com/xml/ns/persistence/orm_2_0.xsd"
		version="2.0">
	<persistence-unit-metadata>
        <persistence-unit-defaults>
            <entity-listeners>
                <entity-listener class="dst1.listener.DefaultListener">
                	<pre-persist method-name="persistStart"/>
                	<post-persist method-name="persistEnd"/>
                    <post-remove method-name="defaultRemove"/>
                    <post-update method-name="defaultUpdate"/>
                	<post-load method-name="defaultLoad"/>
                </entity-listener>
            </entity-listeners>
        </persistence-unit-defaults>
    </persistence-unit-metadata>	
		
    <entity name="computer" class="dst1.model.hardware.Computer">
    	<attributes>
	        <id name="id">
	        	<generated-value strategy="AUTO"/>
	        </id>
	        <basic name="name">
	        	<column unique="true"/>
	        </basic>
	        <basic name="cpus"/>
	        <basic name="location"/>
	        <basic name="creation"/>
	        <basic name="lastUpdate"/>
	        <many-to-one name="cluster">
            	<join-column name="cluster_id"/>
       	 	</many-to-one>
	        <many-to-many name="executions">
	            <join-table name="execution_computer">
	            
	                <join-column name="computer_id" referenced-column-name="id"/>
	                <inverse-join-column name="execution_id" referenced-column-name="id"/>
	            </join-table>
	            <cascade>
	        		<cascade-persist/>
	        		<cascade-merge/>
	        		<cascade-refresh/>
	        	</cascade>
        	</many-to-many>
        </attributes>
    </entity>
</entity-mappings>