<?xml version="1.0" encoding="UTF-8" standalone="yes"?>
<trialForm>
    <name>Aufenthalte</name>
    <description></description>
    <trialSpecific>false</trialSpecific>
    <fillOnce>false</fillOnce>
    <attributeGroup>
        <name>Daten</name>
        <secure>false</secure>
        <sort>0</sort>
        <attribute>
            <name>Aufnahmedatum</name>
            <recommended>true</recommended>
            <sort>0</sort>
            <formElement xmlns:xsi="http://www.w3.org/2001/XMLSchema-instance" xsi:type="datePicker">
                <dataType>DATE</dataType>
                <type>DATEPICKER</type>
            </formElement>
        </attribute>
        <attribute>
            <name>Entlassungsdatum</name>
            <recommended>true</recommended>
            <sort>1</sort>
            <formElement xmlns:xsi="http://www.w3.org/2001/XMLSchema-instance" xsi:type="datePicker">
                <dataType>DATE</dataType>
                <type>DATEPICKER</type>
            </formElement>
        </attribute>
        <attribute>
            <name>Aufenthaltsort</name>
            <recommended>true</recommended>
            <sort>2</sort>
            <unit></unit>
            <formElement xmlns:xsi="http://www.w3.org/2001/XMLSchema-instance" xsi:type="dropDown">
                <dataType>STR</dataType>
                <type>DROPDOWN</type>
                <values>AKH Wien</values>
                <values>DK Gugging</values>
                <values>Grüner Kreis</values>
                <values>Interne wegen Alk.</values>
                <values>KFJ</values>
                <values>LNK Mauer</values>
                <values>NK</values>
                <values>OWS Baumgartner Höhe</values>
                <values>TKL</values>
                <values>Andere</values>
            </formElement>
        </attribute>
        <attribute>
            <name>Indikation</name>
            <recommended>true</recommended>
            <sort>3</sort>
            <unit></unit>
            <formElement xmlns:xsi="http://www.w3.org/2001/XMLSchema-instance" xsi:type="dropDown">
                <dataType>STR</dataType>
                <type>DROPDOWN</type>
                <values>Sozialer Grund</values>
                <values>Verschlechterung der KH</values>
                <values>Andere</values>
            </formElement>
        </attribute>
        <attribute>
            <name>Bemerkung</name>
            <recommended>false</recommended>
            <sort>4</sort>
            <unit></unit>
            <formElement xmlns:xsi="http://www.w3.org/2001/XMLSchema-instance" xsi:type="textArea">
                <dataType>LONGSTR</dataType>
                <type>TEXTAREA</type>
                <size>300</size>
            </formElement>
        </attribute>
    </attributeGroup>
</trialForm>
