<?xml version="1.0" encoding="UTF-8"?>
<!DOCTYPE resources PUBLIC "-//Sun Microsystems, Inc.//DTD Application Server 9.0 Resource Definitions //EN" "http://www.sun.com/software/appserver/dtds/sun-resources_1_3.dtd">
<resources>

	<!-- DEFINE QUEUES AND TOPICS HERE -->
	
	<!-- COMPUTER QUEUE -->
	<admin-object-resource enabled="true"
		jndi-name="queue.dst.ComputerQueue" res-adapter="jmsra" res-type="javax.jms.Queue">
		<property name="Name" value="queue.dst.ComputerQueue" />
	</admin-object-resource>
	
	<!-- CLUSTER TOPIC -->
	<admin-object-resource enabled="true"
		jndi-name="topic.dst.ClusterTopic" res-adapter="jmsra" res-type="javax.jms.Topic">
		<property name="Name" value="topic.dst.ClusterTopic" />
	</admin-object-resource>
	
	<!-- CLUSTER QUEUE -->
	<admin-object-resource enabled="true"
		jndi-name="queue.dst.ClusterQueue" res-adapter="jmsra" res-type="javax.jms.Queue">
		<property name="Name" value="queue.dst.ClusterQueue" />
	</admin-object-resource>
	
	<!-- SCHEDULER QUEUE -->
	<admin-object-resource enabled="true"
		jndi-name="queue.dst.SchedulerQueue" res-adapter="jmsra" res-type="javax.jms.Queue">
		<property name="Name" value="queue.dst.SchedulerQueue" />
	</admin-object-resource>
	
	<!-- SCHEDULER CALLBACK QUEUE -->
	<admin-object-resource enabled="true"
		jndi-name="queue.dst.SchedulerCallBackQueue" res-adapter="jmsra" res-type="javax.jms.Queue">
		<property name="Name" value="queue.dst.SchedulerCallBackQueue" />
	</admin-object-resource>
	
	<!-- FACTORY & POOL -->
	<connector-resource enabled="true" jndi-name="dst.Factory" pool-name="dst.FactoryPool" />
	<connector-connection-pool name="dst.FactoryPool" connection-definition-name="javax.jms.ConnectionFactory" resource-adapter-name="jmsra" />
</resources>