<?xml version="1.0" encoding="UTF-8" standalone="yes"?>
<trialForm>
    <name>W.H.A.T. Daten</name>
    <description></description>
    <trialSpecific>false</trialSpecific>
    <fillOnce>false</fillOnce>
    <attributeGroup>
        <name>Untersuchungsdaten</name>
        <secure>false</secure>
        <sort>0</sort>
        <attribute>
            <name>Untersuchungsnummer</name>
            <recommended>false</recommended>
            <sort>0</sort>
            <unit></unit>
            <formElement xmlns:xsi="http://www.w3.org/2001/XMLSchema-instance" xsi:type="textField">
                <dataType>INTEGER</dataType>
                <type>TEXTFIELD</type>
                <constraints xsi:type="integerConstraint">
                    <constraintType>INTEGERCONSTRAINT</constraintType>
                    <min>0</min>
                </constraints>
                <size>20</size>
            </formElement>
        </attribute>
        <attribute>
            <name>rel. Untersuchungsnummer</name>
            <recommended>false</recommended>
            <sort>1</sort>
            <unit></unit>
            <formElement xmlns:xsi="http://www.w3.org/2001/XMLSchema-instance" xsi:type="textField">
                <dataType>INTEGER</dataType>
                <type>TEXTFIELD</type>
                <constraints xsi:type="integerConstraint">
                    <constraintType>INTEGERCONSTRAINT</constraintType>
                    <min>0</min>
                </constraints>
                <size>20</size>
            </formElement>
        </attribute>
        <attribute>
            <name>Datum</name>
            <recommended>false</recommended>
            <sort>2</sort>
            <formElement xmlns:xsi="http://www.w3.org/2001/XMLSchema-instance" xsi:type="datePicker">
                <dataType>DATE</dataType>
                <type>DATEPICKER</type>
            </formElement>
        </attribute>
        <attribute>
            <name>Arzt</name>
            <recommended>false</recommended>
            <sort>3</sort>
            <unit></unit>
            <formElement xmlns:xsi="http://www.w3.org/2001/XMLSchema-instance" xsi:type="textField">
                <dataType>STR</dataType>
                <type>TEXTFIELD</type>
                <size>20</size>
            </formElement>
        </attribute>
        <attribute>
            <name>Pflegepersonal</name>
            <recommended>false</recommended>
            <sort>4</sort>
            <unit></unit>
            <formElement xmlns:xsi="http://www.w3.org/2001/XMLSchema-instance" xsi:type="textField">
                <dataType>STR</dataType>
                <type>TEXTFIELD</type>
                <size>20</size>
            </formElement>
        </attribute>
        <attribute>
            <name>Wundlokalisierung</name>
            <recommended>false</recommended>
            <sort>5</sort>
            <unit></unit>
            <formElement xmlns:xsi="http://www.w3.org/2001/XMLSchema-instance" xsi:type="textField">
                <dataType>STR</dataType>
                <type>TEXTFIELD</type>
                <size>20</size>
            </formElement>
        </attribute>
        <attribute>
            <name>Wundexsudation</name>
            <recommended>false</recommended>
            <sort>6</sort>
            <unit></unit>
            <formElement xmlns:xsi="http://www.w3.org/2001/XMLSchema-instance" xsi:type="textField">
                <dataType>STR</dataType>
                <type>TEXTFIELD</type>
                <size>20</size>
            </formElement>
        </attribute>
        <attribute>
            <name>Wundinfektion</name>
            <recommended>false</recommended>
            <sort>7</sort>
            <unit></unit>
            <formElement xmlns:xsi="http://www.w3.org/2001/XMLSchema-instance" xsi:type="radioButtons">
                <dataType>STR</dataType>
                <type>RADIOBUTTONS</type>
                <constraints xsi:type="stringConstraint">
                    <constraintType>STRINGCONSTRAINT</constraintType>
                </constraints>
                <values>ja</values>
                <values>nein</values>
            </formElement>
        </attribute>
        <attribute>
            <name>Wundgeruch</name>
            <recommended>false</recommended>
            <sort>8</sort>
            <unit></unit>
            <formElement xmlns:xsi="http://www.w3.org/2001/XMLSchema-instance" xsi:type="radioButtons">
                <dataType>STR</dataType>
                <type>RADIOBUTTONS</type>
                <constraints xsi:type="stringConstraint">
                    <constraintType>STRINGCONSTRAINT</constraintType>
                </constraints>
                <values>ja</values>
                <values>nein</values>
            </formElement>
        </attribute>
        <attribute>
            <name>Wundumgebung</name>
            <recommended>false</recommended>
            <sort>9</sort>
            <unit></unit>
            <formElement xmlns:xsi="http://www.w3.org/2001/XMLSchema-instance" xsi:type="textField">
                <dataType>STR</dataType>
                <type>TEXTFIELD</type>
                <size>20</size>
            </formElement>
        </attribute>
        <attribute>
            <name>Pharmatherapie</name>
            <recommended>false</recommended>
            <sort>10</sort>
            <unit></unit>
            <formElement xmlns:xsi="http://www.w3.org/2001/XMLSchema-instance" xsi:type="textField">
                <dataType>STR</dataType>
                <type>TEXTFIELD</type>
                <size>20</size>
            </formElement>
        </attribute>
        <attribute>
            <name>lokale Therapie</name>
            <recommended>false</recommended>
            <sort>11</sort>
            <unit></unit>
            <formElement xmlns:xsi="http://www.w3.org/2001/XMLSchema-instance" xsi:type="textField">
                <dataType>STR</dataType>
                <type>TEXTFIELD</type>
                <size>20</size>
            </formElement>
        </attribute>
        <attribute>
            <name>Wundbehandlung</name>
            <recommended>false</recommended>
            <sort>12</sort>
            <unit></unit>
            <formElement xmlns:xsi="http://www.w3.org/2001/XMLSchema-instance" xsi:type="textField">
                <dataType>STR</dataType>
                <type>TEXTFIELD</type>
                <size>20</size>
            </formElement>
        </attribute>
        <attribute>
            <name>Verbandsmaterial</name>
            <recommended>false</recommended>
            <sort>13</sort>
            <unit></unit>
            <formElement xmlns:xsi="http://www.w3.org/2001/XMLSchema-instance" xsi:type="textField">
                <dataType>STR</dataType>
                <type>TEXTFIELD</type>
                <size>20</size>
            </formElement>
        </attribute>
        <attribute>
            <name>Verbandswechsel</name>
            <recommended>false</recommended>
            <sort>14</sort>
            <unit></unit>
            <formElement xmlns:xsi="http://www.w3.org/2001/XMLSchema-instance" xsi:type="textField">
                <dataType>STR</dataType>
                <type>TEXTFIELD</type>
                <size>20</size>
            </formElement>
        </attribute>
        <attribute>
            <name>Wundkontrolle</name>
            <recommended>false</recommended>
            <sort>15</sort>
            <unit></unit>
            <formElement xmlns:xsi="http://www.w3.org/2001/XMLSchema-instance" xsi:type="textField">
                <dataType>STR</dataType>
                <type>TEXTFIELD</type>
                <size>20</size>
            </formElement>
        </attribute>
        <attribute>
            <name>Ernährung</name>
            <recommended>false</recommended>
            <sort>16</sort>
            <unit></unit>
            <formElement xmlns:xsi="http://www.w3.org/2001/XMLSchema-instance" xsi:type="textField">
                <dataType>STR</dataType>
                <type>TEXTFIELD</type>
                <size>20</size>
            </formElement>
        </attribute>
        <attribute>
            <name>Umfang (mm)</name>
            <recommended>false</recommended>
            <sort>17</sort>
            <unit>mm</unit>
            <formElement xmlns:xsi="http://www.w3.org/2001/XMLSchema-instance" xsi:type="textField">
                <dataType>DECIMAL</dataType>
                <type>TEXTFIELD</type>
                <constraints xsi:type="decimalConstraint">
                    <constraintType>DECIMALCONSTRAINT</constraintType>
                    <min>0</min>
                </constraints>
                <size>20</size>
            </formElement>
        </attribute>
        <attribute>
            <name>Fläche (mm2)</name>
            <recommended>false</recommended>
            <sort>18</sort>
            <unit>mm²</unit>
            <formElement xmlns:xsi="http://www.w3.org/2001/XMLSchema-instance" xsi:type="textField">
                <dataType>DECIMAL</dataType>
                <type>TEXTFIELD</type>
                <constraints xsi:type="decimalConstraint">
                    <constraintType>DECIMALCONSTRAINT</constraintType>
                    <min>0</min>
                </constraints>
                <size>20</size>
            </formElement>
        </attribute>
        <attribute>
            <name>max. Länge (mm)</name>
            <recommended>false</recommended>
            <sort>19</sort>
            <unit>mm</unit>
            <formElement xmlns:xsi="http://www.w3.org/2001/XMLSchema-instance" xsi:type="textField">
                <dataType>DECIMAL</dataType>
                <type>TEXTFIELD</type>
                <constraints xsi:type="decimalConstraint">
                    <constraintType>DECIMALCONSTRAINT</constraintType>
                    <min>0</min>
                </constraints>
                <size>20</size>
            </formElement>
        </attribute>
        <attribute>
            <name>max. Höhe (mm)</name>
            <recommended>false</recommended>
            <sort>20</sort>
            <unit>mm</unit>
            <formElement xmlns:xsi="http://www.w3.org/2001/XMLSchema-instance" xsi:type="textField">
                <dataType>DECIMAL</dataType>
                <type>TEXTFIELD</type>
                <constraints xsi:type="decimalConstraint">
                    <constraintType>DECIMALCONSTRAINT</constraintType>
                    <min>0</min>
                </constraints>
                <size>20</size>
            </formElement>
        </attribute>
        <attribute>
            <name>Granulation abs. (mm2)</name>
            <recommended>false</recommended>
            <sort>21</sort>
            <unit>mm²</unit>
            <formElement xmlns:xsi="http://www.w3.org/2001/XMLSchema-instance" xsi:type="textField">
                <dataType>DECIMAL</dataType>
                <type>TEXTFIELD</type>
                <constraints xsi:type="decimalConstraint">
                    <constraintType>DECIMALCONSTRAINT</constraintType>
                    <min>0</min>
                </constraints>
                <size>20</size>
            </formElement>
        </attribute>
        <attribute>
            <name>Fibrin abs. (mm2)</name>
            <recommended>false</recommended>
            <sort>22</sort>
            <unit>mm²</unit>
            <formElement xmlns:xsi="http://www.w3.org/2001/XMLSchema-instance" xsi:type="textField">
                <dataType>DECIMAL</dataType>
                <type>TEXTFIELD</type>
                <constraints xsi:type="decimalConstraint">
                    <constraintType>DECIMALCONSTRAINT</constraintType>
                    <min>0</min>
                </constraints>
                <size>20</size>
            </formElement>
        </attribute>
        <attribute>
            <name>Nekrose abs. (mm2)</name>
            <recommended>false</recommended>
            <sort>23</sort>
            <unit>mm²</unit>
            <formElement xmlns:xsi="http://www.w3.org/2001/XMLSchema-instance" xsi:type="textField">
                <dataType>DECIMAL</dataType>
                <type>TEXTFIELD</type>
                <constraints xsi:type="decimalConstraint">
                    <constraintType>DECIMALCONSTRAINT</constraintType>
                    <min>0</min>
                </constraints>
                <size>20</size>
            </formElement>
        </attribute>
        <attribute>
            <name>Granulation rel. (%)</name>
            <recommended>false</recommended>
            <sort>24</sort>
            <unit>%</unit>
            <formElement xmlns:xsi="http://www.w3.org/2001/XMLSchema-instance" xsi:type="textField">
                <dataType>DECIMAL</dataType>
                <type>TEXTFIELD</type>
                <constraints xsi:type="decimalConstraint">
                    <constraintType>DECIMALCONSTRAINT</constraintType>
                    <min>0</min>
                    <max>100</max>
                </constraints>
                <size>20</size>
            </formElement>
        </attribute>
        <attribute>
            <name>Fibrin rel. (%)</name>
            <recommended>false</recommended>
            <sort>25</sort>
            <unit>%</unit>
            <formElement xmlns:xsi="http://www.w3.org/2001/XMLSchema-instance" xsi:type="textField">
                <dataType>DECIMAL</dataType>
                <type>TEXTFIELD</type>
                <constraints xsi:type="decimalConstraint">
                    <constraintType>DECIMALCONSTRAINT</constraintType>
                    <min>0</min>
                    <max>100</max>
                </constraints>
                <size>20</size>
            </formElement>
        </attribute>
        <attribute>
            <name>Nekrose rel. (%)</name>
            <recommended>false</recommended>
            <sort>26</sort>
            <unit>%</unit>
            <formElement xmlns:xsi="http://www.w3.org/2001/XMLSchema-instance" xsi:type="textField">
                <dataType>DECIMAL</dataType>
                <type>TEXTFIELD</type>
                <constraints xsi:type="decimalConstraint">
                    <constraintType>DECIMALCONSTRAINT</constraintType>
                    <min>0</min>
                    <max>100</max>
                </constraints>
                <size>20</size>
            </formElement>
        </attribute>
    </attributeGroup>
</trialForm>
