<?xml version="1.0" encoding="UTF-8" standalone="yes"?>
<trialForm>
    <name>Stammdaten</name>
    <description></description>
    <trialSpecific>false</trialSpecific>
    <fillOnce>true</fillOnce>
    <attributeGroup>
        <name>Daten</name>
        <secure>false</secure>
        <sort>0</sort>
        <attribute>
            <name>Geburtsjahr</name>
            <recommended>true</recommended>
            <sort>0</sort>
            <unit></unit>
            <formElement xmlns:xsi="http://www.w3.org/2001/XMLSchema-instance" xsi:type="textField">
                <dataType>INTEGER</dataType>
                <type>TEXTFIELD</type>
                <constraints xsi:type="integerConstraint">
                    <constraintType>INTEGERCONSTRAINT</constraintType>
                    <min>1900</min>
                    <max>2030</max>
                </constraints>
                <size>20</size>
            </formElement>
        </attribute>
        <attribute>
            <name>Geschlecht</name>
            <recommended>true</recommended>
            <sort>1</sort>
            <unit></unit>
            <formElement xmlns:xsi="http://www.w3.org/2001/XMLSchema-instance" xsi:type="radioButtons">
                <dataType>STR</dataType>
                <type>RADIOBUTTONS</type>
                <values>Weiblich</values>
                <values>Männlich</values>
            </formElement>
        </attribute>
        <attribute>
            <name>Körpergrösse</name>
            <recommended>true</recommended>
            <sort>2</sort>
            <unit></unit>
            <formElement xmlns:xsi="http://www.w3.org/2001/XMLSchema-instance" xsi:type="textField">
                <dataType>DECIMAL</dataType>
                <type>TEXTFIELD</type>
                <constraints xsi:type="decimalConstraint">
                    <constraintType>DECIMALCONSTRAINT</constraintType>
                    <min>50.00</min>
                    <max>300.00</max>
                </constraints>
                <size>20</size>
            </formElement>
        </attribute>
        <attribute>
            <name>Raucher</name>
            <recommended>true</recommended>
            <sort>3</sort>
            <unit></unit>
            <formElement xmlns:xsi="http://www.w3.org/2001/XMLSchema-instance" xsi:type="dropDown">
                <dataType>STR</dataType>
                <type>DROPDOWN</type>
                <values>Ja</values>
                <values>Nein</values>
                <values>Unbekannt</values>
            </formElement>
        </attribute>
        <attribute>
            <name>Bildungsgrad</name>
            <recommended>false</recommended>
            <sort>4</sort>
            <unit></unit>
            <formElement xmlns:xsi="http://www.w3.org/2001/XMLSchema-instance" xsi:type="dropDown">
                <dataType>STR</dataType>
                <type>DROPDOWN</type>
                <values>Grundschule (4a)</values>
                <values>Pflichtschule (9a)</values>
                <values>Berufsausbildung ohne Prüfung</values>
                <values>Berufsausbildung mit Prüfung</values>
                <values>Matura</values>
                <values>Akademische Ausbildung (FH)</values>
                <values>Sonstiges</values>
            </formElement>
        </attribute>
        <attribute>
            <name>Familienstand</name>
            <recommended>false</recommended>
            <sort>5</sort>
            <unit></unit>
            <formElement xmlns:xsi="http://www.w3.org/2001/XMLSchema-instance" xsi:type="dropDown">
                <dataType>STR</dataType>
                <type>DROPDOWN</type>
                <values>geschieden</values>
                <values>Lebensgemeinschaft</values>
                <values>ledig</values>
                <values>sonstiges</values>
                <values>verheiratet</values>
                <values>verwitwet</values>
            </formElement>
        </attribute>
        <attribute>
            <name>Familiendetails</name>
            <recommended>false</recommended>
            <sort>6</sort>
            <unit></unit>
            <formElement xmlns:xsi="http://www.w3.org/2001/XMLSchema-instance" xsi:type="textField">
                <dataType>STR</dataType>
                <type>TEXTFIELD</type>
                <size>20</size>
            </formElement>
        </attribute>
        <attribute>
            <name>Familienanamnese</name>
            <recommended>false</recommended>
            <sort>7</sort>
            <unit></unit>
            <formElement xmlns:xsi="http://www.w3.org/2001/XMLSchema-instance" xsi:type="dropDown">
                <dataType>STR</dataType>
                <type>DROPDOWN</type>
                <values>Ja</values>
                <values>Nein</values>
                <values>Unbekannt</values>
            </formElement>
        </attribute>
        <attribute>
            <name>Zuweiser</name>
            <recommended>true</recommended>
            <sort>8</sort>
            <unit></unit>
            <formElement xmlns:xsi="http://www.w3.org/2001/XMLSchema-instance" xsi:type="dropDown">
                <dataType>STR</dataType>
                <type>DROPDOWN</type>
                <values>Niedergelassene</values>
                <values>Einrichtung</values>
                <values>Selbst/Familie</values>
                <values>Sonstige</values>
            </formElement>
        </attribute>
        <attribute>
            <name>Erhoben von</name>
            <recommended>true</recommended>
            <sort>9</sort>
            <unit></unit>
            <formElement xmlns:xsi="http://www.w3.org/2001/XMLSchema-instance" xsi:type="textField">
                <dataType>STR</dataType>
                <type>TEXTFIELD</type>
                <size>20</size>
            </formElement>
        </attribute>
        <attribute>
            <name>Erhebungsdatum</name>
            <recommended>true</recommended>
            <sort>10</sort>
            <formElement xmlns:xsi="http://www.w3.org/2001/XMLSchema-instance" xsi:type="datePicker">
                <dataType>DATE</dataType>
                <type>DATEPICKER</type>
            </formElement>
        </attribute>
        <attribute>
            <name>Erkrankungsbeginn</name>
            <recommended>true</recommended>
            <sort>11</sort>
            <formElement xmlns:xsi="http://www.w3.org/2001/XMLSchema-instance" xsi:type="datePicker">
                <dataType>DATE</dataType>
                <type>DATEPICKER</type>
            </formElement>
        </attribute>
        <attribute>
            <name>Krankenhausaufenthalte</name>
            <recommended>true</recommended>
            <sort>12</sort>
            <unit></unit>
            <formElement xmlns:xsi="http://www.w3.org/2001/XMLSchema-instance" xsi:type="textField">
                <dataType>INTEGER</dataType>
                <type>TEXTFIELD</type>
                <constraints xsi:type="integerConstraint">
                    <constraintType>INTEGERCONSTRAINT</constraintType>
                    <min>0</min>
                </constraints>
                <size>20</size>
            </formElement>
        </attribute>
        <attribute>
            <name>Verlaufsdiagnose</name>
            <recommended>false</recommended>
            <sort>13</sort>
            <unit></unit>
            <formElement xmlns:xsi="http://www.w3.org/2001/XMLSchema-instance" xsi:type="textField">
                <dataType>STR</dataType>
                <type>TEXTFIELD</type>
                <size>20</size>
            </formElement>
        </attribute>
        <attribute>
            <name>Somatische Diagnose</name>
            <recommended>true</recommended>
            <sort>14</sort>
            <unit></unit>
            <formElement xmlns:xsi="http://www.w3.org/2001/XMLSchema-instance" xsi:type="dropDown">
                <dataType>STR</dataType>
                <type>DROPDOWN</type>
                <values>Diabetes</values>
                <values>Hypertonie</values>
                <values>KHK</values>
                <values>Schilddrüse</values>
                <values>Sonstige</values>
            </formElement>
        </attribute>
        <attribute>
            <name>Art der Episoden</name>
            <recommended>true</recommended>
            <sort>15</sort>
            <unit></unit>
            <formElement xmlns:xsi="http://www.w3.org/2001/XMLSchema-instance" xsi:type="dropDown">
                <dataType>STR</dataType>
                <type>DROPDOWN</type>
                <values>Alkohol</values>
                <values>Angst</values>
                <values>DEP mit psychot. Sympt.</values>
                <values>DEP ohne psychot. Sympt.</values>
                <values>HMA</values>
                <values>MAN mit psychot. Sympt.</values>
                <values>MAN ohne psychot. Sympt.</values>
                <values>Mischbild</values>
                <values>psychotische Episode</values>
                <values>RapidCycling &gt;=4/Jahr</values>
                <values>SAFF (F25)</values>
                <values>SCH (F2)</values>
                <values>SDE</values>
                <values>Sonstige</values>
            </formElement>
        </attribute>
        <attribute>
            <name>Anzahl 1 ho</name>
            <recommended>true</recommended>
            <sort>16</sort>
            <unit></unit>
            <formElement xmlns:xsi="http://www.w3.org/2001/XMLSchema-instance" xsi:type="textField">
                <dataType>INTEGER</dataType>
                <type>TEXTFIELD</type>
                <constraints xsi:type="integerConstraint">
                    <constraintType>INTEGERCONSTRAINT</constraintType>
                    <min>0</min>
                </constraints>
                <size>20</size>
            </formElement>
        </attribute>
        <attribute>
            <name>Anzahl Depression</name>
            <recommended>false</recommended>
            <sort>17</sort>
            <unit></unit>
            <formElement xmlns:xsi="http://www.w3.org/2001/XMLSchema-instance" xsi:type="textField">
                <dataType>INTEGER</dataType>
                <type>TEXTFIELD</type>
                <size>20</size>
            </formElement>
        </attribute>
        <attribute>
            <name>Anzahl Manisch</name>
            <recommended>false</recommended>
            <sort>18</sort>
            <unit></unit>
            <formElement xmlns:xsi="http://www.w3.org/2001/XMLSchema-instance" xsi:type="textField">
                <dataType>INTEGER</dataType>
                <type>TEXTFIELD</type>
                <size>20</size>
            </formElement>
        </attribute>
        <attribute>
            <name>Anzahl Andere</name>
            <recommended>false</recommended>
            <sort>19</sort>
            <unit></unit>
            <formElement xmlns:xsi="http://www.w3.org/2001/XMLSchema-instance" xsi:type="textField">
                <dataType>INTEGER</dataType>
                <type>TEXTFIELD</type>
                <size>20</size>
            </formElement>
        </attribute>
        <attribute>
            <name>Bemerkung</name>
            <recommended>false</recommended>
            <sort>20</sort>
            <unit></unit>
            <formElement xmlns:xsi="http://www.w3.org/2001/XMLSchema-instance" xsi:type="textArea">
                <dataType>LONGSTR</dataType>
                <type>TEXTAREA</type>
                <size>300</size>
            </formElement>
        </attribute>
    </attributeGroup>
</trialForm>
