<?xml version="1.0" encoding="UTF-8" standalone="yes"?>
<trialForm>
    <name>Medikation</name>
    <description></description>
    <trialSpecific>false</trialSpecific>
    <fillOnce>false</fillOnce>
    <attributeGroup>
        <name>Daten</name>
        <secure>false</secure>
        <sort>0</sort>
        <attribute>
            <name>Beginndatum</name>
            <recommended>true</recommended>
            <sort>0</sort>
            <formElement xmlns:xsi="http://www.w3.org/2001/XMLSchema-instance" xsi:type="datePicker">
                <dataType>DATE</dataType>
                <type>DATEPICKER</type>
            </formElement>
        </attribute>
        <attribute>
            <name>Enddatum</name>
            <recommended>true</recommended>
            <sort>1</sort>
            <formElement xmlns:xsi="http://www.w3.org/2001/XMLSchema-instance" xsi:type="datePicker">
                <dataType>DATE</dataType>
                <type>DATEPICKER</type>
            </formElement>
        </attribute>
        <attribute>
            <name>Wirkstoff</name>
            <recommended>true</recommended>
            <sort>2</sort>
            <unit></unit>
            <formElement xmlns:xsi="http://www.w3.org/2001/XMLSchema-instance" xsi:type="dropDown">
                <dataType>STR</dataType>
                <type>DROPDOWN</type>
                <values>AP - Amisulprid - Solian - mg</values>
                <values>AP - Aripiprazol - Abilify - mg</values>
                <values>AP - Chlorprothixen - Truxal - mg</values>
                <values>AP - Clozapin - Leponex - mg</values>
                <values>AP - Flupenthixol - Fluanxol - mg</values>
                <values>AP - Haloperidol - Haldol - mg</values>
                <values>AP - Levomepromazin - Nozinan - mg</values>
                <values>AP - Olanzapin - Zyprexa - mg</values>
                <values>AP - Paliperidon - Invega - mg</values>
                <values>AP - Perphenazin - Decentan - mg</values>
                <values>AP - Pimozid - Orap - mg</values>
                <values>AP - Quetiapin - Seroquel - mg</values>
                <values>AP - Risperidon - Risperdal - mg</values>
                <values>AP - Risperidon - Risperdal Consta - ml</values>
                <values>AP - Sertindol - Serdolect - mg</values>
                <values>AP - Sulpirid - Dogmatil - mg</values>
                <values>AP - Ziprasidon - Zeldox - mg</values>
                <values>AP - Zotepin - Nipolept - mg</values>
                <values>AP - Zuclopenthixol - Cisordinol - mg</values>
                <values>AP - Zuclopenthixol - Cisordinol - gtt</values>
                <values>AD - Citalopram - Seropram+Generika - mg</values>
                <values>AD - Escitalopram - Cipralex - mg</values>
                <values>AD - Fluoxetin	- Fluctine + Generika - mg</values>
                <values>AD - Fluvoxamin	- Floxyfral - mg</values>
                <values>AD - Paroxetin	- Seroxat+Generika - mg</values>
                <values>AD - Sertralin - Tresleen, Gladem + Generika - mg</values>
                <values>AD - Mianserin	- Tolvon + Generika - mg</values>
                <values>AD - Trazodon	- Trittico - mg</values>
                <values>AD - Moclobemid - Aurorix+Generika - mg</values>
                <values>AD - L I 160-Johanniskraut - Jarsin, Hypericum - mg</values>
                <values>AD - Mirtazapin - Remeron, Mirtabene - mg</values>
                <values>AD - Duloxetin	- Cymbalta - mg</values>
                <values>AD - Milnacipran - Ixel - mg</values>
                <values>AD - Venlafaxin - Efectin, Efectin ER - mg</values>
                <values>AD - Reboxetin	- Edronax - mg</values>
                <values>AD - Tianeptin	- Stablon) NDRI	mg</values>
                <values>AD - Bupropion - Wellbutrin - mg</values>
                <values>AD - Amitriptylin - Saroten, Tryptizol - mg</values>
                <values>AD - Clomipramin - Anafranil - mg</values>
                <values>AD - Dibenzepin - Noveril - mg</values>
                <values>AD - Maprotilin	- Ludiomil - mg</values>
                <values>AE - Valproinsäure - Depakine, Convulex - mg</values>
                <values>AE - Carbamazepin - Tegretol,Neurotop - mg</values>
                <values>AE - Oxcarbazepin - Trileptal - mg</values>
                <values>AE - Lamotrigin - Lamictal - mg</values>
                <values>AE - Topiramat - Topamax - mg</values>
                <values>LI - Lithium - Quilonorm ret - mg</values>
                <values>andere - Alprazolam - (Xanor)</values>
                <values>andere - Bromazepam (Bromazepam Genericon, Lexotanil)</values>
                <values>andere - Chlordiazepoxide - (Limbitrol)</values>
                <values>andere - Clobazam (Frisium)</values>
                <values>andere - Clorazepat - (Tranxilium)</values>
                <values>andere - Diazepam - (Gewacalm, Psychopax, Stesolid, Valium)</values>
                <values>andere - Lorazepam - (Merlit, Temesta)</values>
                <values>andere - Oxazepam - (Adumbran, Anxiolit,Praxiten)</values>
                <values>andere - Prazepam - (Demetrin)</values>
                <values>andere - Brotizolam - (Lendorm)</values>
                <values>andere - Cinolazepam - (Gerodorm)</values>
                <values>andere - Flunitrazepam - (Rohypnol, Somnubene)</values>
                <values>andere - Lormetazepam - (Noctamid)</values>
                <values>andere - Nitrazepam - (Mogadon)</values>
                <values>andere - Triazolam - (Halcion)</values>
                <values>andere - Zolpidem (Ivadal, Mondeal, Zoldem)</values>
                <values>andere - Buspiron - (Buspar)</values>
                <values>andere - Hydroxyzin - (Atarax)</values>
                <values>andere - Meprobamat - (Meprobamat-Petrasch, Microbamat, Miltaun)</values>
            </formElement>
        </attribute>
        <attribute>
            <name>Dosierung</name>
            <recommended>true</recommended>
            <sort>3</sort>
            <unit></unit>
            <formElement xmlns:xsi="http://www.w3.org/2001/XMLSchema-instance" xsi:type="textField">
                <dataType>DECIMAL</dataType>
                <type>TEXTFIELD</type>
                <constraints xsi:type="decimalConstraint">
                    <constraintType>DECIMALCONSTRAINT</constraintType>
                    <min>1.00</min>
                    <max>10000.00</max>
                </constraints>
                <size>20</size>
            </formElement>
        </attribute>
        <attribute>
            <name>Regelmäßig</name>
            <recommended>true</recommended>
            <sort>4</sort>
            <unit></unit>
            <formElement xmlns:xsi="http://www.w3.org/2001/XMLSchema-instance" xsi:type="radioButtons">
                <dataType>STR</dataType>
                <type>RADIOBUTTONS</type>
                <values>Ja</values>
                <values>Nein</values>
            </formElement>
        </attribute>
        <attribute>
            <name>Einnahme</name>
            <recommended>false</recommended>
            <sort>5</sort>
            <unit></unit>
            <formElement xmlns:xsi="http://www.w3.org/2001/XMLSchema-instance" xsi:type="textField">
                <dataType>STR</dataType>
                <type>TEXTFIELD</type>
                <constraints xsi:type="stringConstraint">
                    <constraintType>STRINGCONSTRAINT</constraintType>
                    <regexp>[0-9]*-[0-9]*-[0-9]*-[0-9]*</regexp>
                </constraints>
                <size>20</size>
            </formElement>
        </attribute>
        <attribute>
            <name>Medikationsänderung</name>
            <recommended>true</recommended>
            <sort>6</sort>
            <unit></unit>
            <formElement xmlns:xsi="http://www.w3.org/2001/XMLSchema-instance" xsi:type="dropDown">
                <dataType>STR</dataType>
                <type>DROPDOWN</type>
                <values>nein</values>
                <values>reduziert</values>
                <values>abgesetzt Arzt</values>
                <values>abgesetzt selbst</values>
                <values>umgestellt</values>
                <values>erhöht</values>
            </formElement>
        </attribute>
        <attribute>
            <name>Änderungsgrund</name>
            <recommended>true</recommended>
            <sort>7</sort>
            <unit></unit>
            <formElement xmlns:xsi="http://www.w3.org/2001/XMLSchema-instance" xsi:type="dropDown">
                <dataType>STR</dataType>
                <type>DROPDOWN</type>
                <values>Verbesserung</values>
                <values>Unwirksamkeit</values>
                <values>Unverträglichkeit</values>
                <values>unbekannt</values>
            </formElement>
        </attribute>
        <attribute>
            <name>Bemerkung</name>
            <recommended>false</recommended>
            <sort>8</sort>
            <unit></unit>
            <formElement xmlns:xsi="http://www.w3.org/2001/XMLSchema-instance" xsi:type="textArea">
                <dataType>LONGSTR</dataType>
                <type>TEXTAREA</type>
                <size>300</size>
            </formElement>
        </attribute>
    </attributeGroup>
</trialForm>
