<?xml version="1.0" encoding="UTF-8" standalone="yes"?>
<trialForm>
    <name>Untersuchung</name>
    <description></description>
    <trialSpecific>false</trialSpecific>
    <fillOnce>false</fillOnce>
    <attributeGroup>
        <name>Daten</name>
        <secure>false</secure>
        <sort>0</sort>
        <attribute>
            <name>Datum</name>
            <recommended>true</recommended>
            <sort>0</sort>
            <formElement xmlns:xsi="http://www.w3.org/2001/XMLSchema-instance" xsi:type="datePicker">
                <dataType>DATE</dataType>
                <type>DATEPICKER</type>
            </formElement>
        </attribute>
        <attribute>
            <name>Art</name>
            <recommended>true</recommended>
            <sort>1</sort>
            <unit></unit>
            <formElement xmlns:xsi="http://www.w3.org/2001/XMLSchema-instance" xsi:type="dropDown">
                <dataType>STR</dataType>
                <type>DROPDOWN</type>
                <values>Episode - F31.0 HMA</values>
                <values>Episode - F31.1 MAN ohne psychot. Sympt.</values>
                <values>Episode - F31.2 MAN mit psychot. Sympt.</values>
                <values>Episode - F31.3 DEP mittelgradig</values>
                <values>Episode - F31.4 DEP ohne psychot. Sympt.</values>
                <values>Episode - F31.5 DEP mit psychot. Sympt.</values>
                <values>Episode - F31.6 gemischte Episode</values>
                <values>Episode - F31.8 RapidCycling</values>
                <values>Intervall - Symptomfrei</values>
                <values>Intervall - SDE</values>
                <values>Intervall - HMA</values>
                <values>Intervall - Kognitive Beeinträchtigung</values>
                <values>Sonstiges</values>
            </formElement>
        </attribute>
        <attribute>
            <name>Art Sonstiges</name>
            <recommended>false</recommended>
            <sort>2</sort>
            <unit></unit>
            <formElement xmlns:xsi="http://www.w3.org/2001/XMLSchema-instance" xsi:type="textField">
                <dataType>STR</dataType>
                <type>TEXTFIELD</type>
                <size>20</size>
            </formElement>
        </attribute>
        <attribute>
            <name>Schweregrad</name>
            <recommended>true</recommended>
            <sort>3</sort>
            <unit></unit>
            <formElement xmlns:xsi="http://www.w3.org/2001/XMLSchema-instance" xsi:type="dropDown">
                <dataType>STR</dataType>
                <type>DROPDOWN</type>
                <values>nicht definiert</values>
                <values>leicht</values>
                <values>mittel</values>
                <values>schwer</values>
            </formElement>
        </attribute>
        <attribute>
            <name>Beginndatum</name>
            <recommended>true</recommended>
            <sort>4</sort>
            <formElement xmlns:xsi="http://www.w3.org/2001/XMLSchema-instance" xsi:type="datePicker">
                <dataType>DATE</dataType>
                <type>DATEPICKER</type>
            </formElement>
        </attribute>
        <attribute>
            <name>Krankenstand</name>
            <recommended>true</recommended>
            <sort>5</sort>
            <unit></unit>
            <formElement xmlns:xsi="http://www.w3.org/2001/XMLSchema-instance" xsi:type="dropDown">
                <dataType>STR</dataType>
                <type>DROPDOWN</type>
                <values>nie</values>
                <values>bis 1 Woche</values>
                <values>bis 1 Monat</values>
                <values>bis 3 Monate</values>
                <values>mehr als 3 Monate</values>
                <values>nein, arbeitslos</values>
                <values>nein, Pension</values>
                <values>nein, sonstige</values>
            </formElement>
        </attribute>
        <attribute>
            <name>Arbeitsstatus</name>
            <recommended>true</recommended>
            <sort>6</sort>
            <unit></unit>
            <formElement xmlns:xsi="http://www.w3.org/2001/XMLSchema-instance" xsi:type="dropDown">
                <dataType>STR</dataType>
                <type>DROPDOWN</type>
                <values>dzt. berufstätig</values>
                <values>dzt. arbeitslos</values>
                <values>dzt. Notstand</values>
                <values>dzt. frühpensioniert aufgr. der psych. Erkr.</values>
                <values>Haushalt</values>
                <values>sonstiges</values>
            </formElement>
        </attribute>
        <attribute>
            <name>Life Events</name>
            <recommended>true</recommended>
            <sort>7</sort>
            <unit></unit>
            <formElement xmlns:xsi="http://www.w3.org/2001/XMLSchema-instance" xsi:type="radioButtons">
                <dataType>STR</dataType>
                <type>RADIOBUTTONS</type>
                <values>Ja</values>
                <values>Nein</values>
            </formElement>
        </attribute>
        <attribute>
            <name>Alkohol</name>
            <recommended>true</recommended>
            <sort>8</sort>
            <unit></unit>
            <formElement xmlns:xsi="http://www.w3.org/2001/XMLSchema-instance" xsi:type="dropDown">
                <dataType>STR</dataType>
                <type>DROPDOWN</type>
                <values>Ja</values>
                <values>Nein</values>
                <values>Unbekannt</values>
            </formElement>
        </attribute>
        <attribute>
            <name>Drogen</name>
            <recommended>true</recommended>
            <sort>9</sort>
            <unit></unit>
            <formElement xmlns:xsi="http://www.w3.org/2001/XMLSchema-instance" xsi:type="dropDown">
                <dataType>STR</dataType>
                <type>DROPDOWN</type>
                <values>Ja</values>
                <values>Nein</values>
                <values>Unbekannt</values>
            </formElement>
        </attribute>
        <attribute>
            <name>Substanzen</name>
            <recommended>true</recommended>
            <sort>10</sort>
            <unit></unit>
            <formElement xmlns:xsi="http://www.w3.org/2001/XMLSchema-instance" xsi:type="dropDown">
                <dataType>STR</dataType>
                <type>DROPDOWN</type>
                <values>Analgetika</values>
                <values>Laxantien</values>
                <values>unbekannt</values>
            </formElement>
        </attribute>
        <attribute>
            <name>Alternativmedizin</name>
            <recommended>true</recommended>
            <sort>11</sort>
            <unit></unit>
            <formElement xmlns:xsi="http://www.w3.org/2001/XMLSchema-instance" xsi:type="dropDown">
                <dataType>STR</dataType>
                <type>DROPDOWN</type>
                <values>Ja</values>
                <values>Nein</values>
                <values>Unbekannt</values>
            </formElement>
        </attribute>
        <attribute>
            <name>Nachbehandlung</name>
            <recommended>true</recommended>
            <sort>12</sort>
            <unit></unit>
            <formElement xmlns:xsi="http://www.w3.org/2001/XMLSchema-instance" xsi:type="dropDown">
                <dataType>STR</dataType>
                <type>DROPDOWN</type>
                <values>Spezialambulanz</values>
                <values>FA</values>
                <values>Gruppe</values>
                <values>keine</values>
                <values>PA</values>
                <values>Psychoth./Psychologe</values>
                <values>PSD</values>
                <values>sonstige</values>
            </formElement>
        </attribute>
        <attribute>
            <name>regelm. Nachbehandlung</name>
            <recommended>true</recommended>
            <sort>13</sort>
            <unit></unit>
            <formElement xmlns:xsi="http://www.w3.org/2001/XMLSchema-instance" xsi:type="dropDown">
                <dataType>STR</dataType>
                <type>DROPDOWN</type>
                <values>Ja</values>
                <values>Nein</values>
            </formElement>
        </attribute>
        <attribute>
            <name>Untersuchungsart</name>
            <recommended>true</recommended>
            <sort>14</sort>
            <unit></unit>
            <formElement xmlns:xsi="http://www.w3.org/2001/XMLSchema-instance" xsi:type="dropDown">
                <dataType>STR</dataType>
                <type>DROPDOWN</type>
                <values>Normal</values>
                <values>Stationäre Aufnahme</values>
                <values>Nachuntersuchung</values>
                <values>Tagesklinik</values>
            </formElement>
        </attribute>
        <attribute>
            <name>eingegeben von</name>
            <recommended>false</recommended>
            <sort>15</sort>
            <unit></unit>
            <formElement xmlns:xsi="http://www.w3.org/2001/XMLSchema-instance" xsi:type="textField">
                <dataType>STR</dataType>
                <type>TEXTFIELD</type>
                <size>20</size>
            </formElement>
        </attribute>
        <attribute>
            <name>Gewicht</name>
            <recommended>false</recommended>
            <sort>16</sort>
            <unit></unit>
            <formElement xmlns:xsi="http://www.w3.org/2001/XMLSchema-instance" xsi:type="textField">
                <dataType>DECIMAL</dataType>
                <type>TEXTFIELD</type>
                <constraints xsi:type="decimalConstraint">
                    <constraintType>DECIMALCONSTRAINT</constraintType>
                    <min>0.00</min>
                </constraints>
                <size>20</size>
            </formElement>
        </attribute>
        <attribute>
            <name>smv</name>
            <recommended>false</recommended>
            <sort>17</sort>
            <unit></unit>
            <formElement xmlns:xsi="http://www.w3.org/2001/XMLSchema-instance" xsi:type="textField">
                <dataType>STR</dataType>
                <type>TEXTFIELD</type>
                <size>20</size>
            </formElement>
        </attribute>
        <attribute>
            <name>Familienstand</name>
            <recommended>true</recommended>
            <sort>18</sort>
            <unit></unit>
            <formElement xmlns:xsi="http://www.w3.org/2001/XMLSchema-instance" xsi:type="dropDown">
                <dataType>STR</dataType>
                <type>DROPDOWN</type>
                <values>gleich</values>
                <values>getrennt</values>
                <values>Lebensgemeinschaft</values>
                <values>verheiratet</values>
                <values>sonstiges</values>
            </formElement>
        </attribute>
        <attribute>
            <name>soziale Situation</name>
            <recommended>true</recommended>
            <sort>19</sort>
            <unit></unit>
            <formElement xmlns:xsi="http://www.w3.org/2001/XMLSchema-instance" xsi:type="dropDown">
                <dataType>STR</dataType>
                <type>DROPDOWN</type>
                <values>alleine lebend</values>
                <values>mit Partner</values>
                <values>mit Familie</values>
                <values>sonstiges</values>
            </formElement>
        </attribute>
        <attribute>
            <name>familiäre Unterstützung</name>
            <recommended>true</recommended>
            <sort>20</sort>
            <unit></unit>
            <formElement xmlns:xsi="http://www.w3.org/2001/XMLSchema-instance" xsi:type="dropDown">
                <dataType>STR</dataType>
                <type>DROPDOWN</type>
                <values>fraglich</values>
                <values>Ja</values>
                <values>Nein</values>
            </formElement>
        </attribute>
        <attribute>
            <name>körperliche Gesundheit</name>
            <recommended>true</recommended>
            <sort>21</sort>
            <unit></unit>
            <formElement xmlns:xsi="http://www.w3.org/2001/XMLSchema-instance" xsi:type="dropDown">
                <dataType>STR</dataType>
                <type>DROPDOWN</type>
                <values>gleich</values>
                <values>verbessert</values>
                <values>verschlechtert</values>
            </formElement>
        </attribute>
        <attribute>
            <name>Bemerkung</name>
            <recommended>false</recommended>
            <sort>22</sort>
            <unit></unit>
            <formElement xmlns:xsi="http://www.w3.org/2001/XMLSchema-instance" xsi:type="textArea">
                <dataType>LONGSTR</dataType>
                <type>TEXTAREA</type>
                <size>300</size>
            </formElement>
        </attribute>
    </attributeGroup>
</trialForm>
