<?xml version="1.0" encoding="UTF-8" standalone="yes"?>
<trialForm>
    <name>Labor</name>
    <description></description>
    <trialSpecific>false</trialSpecific>
    <fillOnce>false</fillOnce>
    <attributeGroup>
        <name>Daten</name>
        <secure>false</secure>
        <sort>0</sort>
        <attribute>
            <name>Datum</name>
            <recommended>true</recommended>
            <sort>0</sort>
            <formElement xmlns:xsi="http://www.w3.org/2001/XMLSchema-instance" xsi:type="datePicker">
                <dataType>DATE</dataType>
                <type>DATEPICKER</type>
            </formElement>
        </attribute>
        <attribute>
            <name>Erythrozyten (T/l)</name>
            <recommended>false</recommended>
            <sort>1</sort>
            <unit></unit>
            <formElement xmlns:xsi="http://www.w3.org/2001/XMLSchema-instance" xsi:type="textField">
                <dataType>DECIMAL</dataType>
                <type>TEXTFIELD</type>
                <constraints xsi:type="decimalConstraint">
                    <constraintType>DECIMALCONSTRAINT</constraintType>
                    <min>0.00</min>
                    <max>1000.00</max>
                </constraints>
                <size>20</size>
            </formElement>
        </attribute>
        <attribute>
            <name>neutrophile Granulozyten (%)</name>
            <recommended>false</recommended>
            <sort>2</sort>
            <unit></unit>
            <formElement xmlns:xsi="http://www.w3.org/2001/XMLSchema-instance" xsi:type="textField">
                <dataType>DECIMAL</dataType>
                <type>TEXTFIELD</type>
                <constraints xsi:type="decimalConstraint">
                    <constraintType>DECIMALCONSTRAINT</constraintType>
                    <min>0.00</min>
                    <max>100.00</max>
                </constraints>
                <size>20</size>
            </formElement>
        </attribute>
        <attribute>
            <name>neutrophile Granulozyten (G/l)</name>
            <recommended>false</recommended>
            <sort>3</sort>
            <unit></unit>
            <formElement xmlns:xsi="http://www.w3.org/2001/XMLSchema-instance" xsi:type="textField">
                <dataType>DECIMAL</dataType>
                <type>TEXTFIELD</type>
                <constraints xsi:type="decimalConstraint">
                    <constraintType>DECIMALCONSTRAINT</constraintType>
                    <min>0.00</min>
                    <max>1000.00</max>
                </constraints>
                <size>20</size>
            </formElement>
        </attribute>
        <attribute>
            <name>Haemoglobin (g/dl)</name>
            <recommended>false</recommended>
            <sort>4</sort>
            <unit></unit>
            <formElement xmlns:xsi="http://www.w3.org/2001/XMLSchema-instance" xsi:type="textField">
                <dataType>DECIMAL</dataType>
                <type>TEXTFIELD</type>
                <constraints xsi:type="decimalConstraint">
                    <constraintType>DECIMALCONSTRAINT</constraintType>
                    <min>0.00</min>
                    <max>1000.00</max>
                </constraints>
                <size>20</size>
            </formElement>
        </attribute>
        <attribute>
            <name>eosinophile Granulozyten (%)</name>
            <recommended>false</recommended>
            <sort>5</sort>
            <unit></unit>
            <formElement xmlns:xsi="http://www.w3.org/2001/XMLSchema-instance" xsi:type="textField">
                <dataType>DECIMAL</dataType>
                <type>TEXTFIELD</type>
                <constraints xsi:type="decimalConstraint">
                    <constraintType>DECIMALCONSTRAINT</constraintType>
                    <min>0.00</min>
                    <max>100.00</max>
                </constraints>
                <size>20</size>
            </formElement>
        </attribute>
        <attribute>
            <name>eosinophile Granulozyten (G/l)</name>
            <recommended>false</recommended>
            <sort>6</sort>
            <unit></unit>
            <formElement xmlns:xsi="http://www.w3.org/2001/XMLSchema-instance" xsi:type="textField">
                <dataType>DECIMAL</dataType>
                <type>TEXTFIELD</type>
                <constraints xsi:type="decimalConstraint">
                    <constraintType>DECIMALCONSTRAINT</constraintType>
                    <min>0.00</min>
                    <max>1000.00</max>
                </constraints>
                <size>20</size>
            </formElement>
        </attribute>
        <attribute>
            <name>Haematokrit (%)</name>
            <recommended>false</recommended>
            <sort>7</sort>
            <unit></unit>
            <formElement xmlns:xsi="http://www.w3.org/2001/XMLSchema-instance" xsi:type="textField">
                <dataType>DECIMAL</dataType>
                <type>TEXTFIELD</type>
                <constraints xsi:type="decimalConstraint">
                    <constraintType>DECIMALCONSTRAINT</constraintType>
                    <min>0.00</min>
                    <max>100.00</max>
                </constraints>
                <size>20</size>
            </formElement>
        </attribute>
        <attribute>
            <name>basophile Granulozyten (%)</name>
            <recommended>false</recommended>
            <sort>8</sort>
            <unit></unit>
            <formElement xmlns:xsi="http://www.w3.org/2001/XMLSchema-instance" xsi:type="textField">
                <dataType>DECIMAL</dataType>
                <type>TEXTFIELD</type>
                <constraints xsi:type="decimalConstraint">
                    <constraintType>DECIMALCONSTRAINT</constraintType>
                    <min>0.00</min>
                    <max>100.00</max>
                </constraints>
                <size>20</size>
            </formElement>
        </attribute>
        <attribute>
            <name>basophile Granulozyten (G/l)</name>
            <recommended>false</recommended>
            <sort>9</sort>
            <unit></unit>
            <formElement xmlns:xsi="http://www.w3.org/2001/XMLSchema-instance" xsi:type="textField">
                <dataType>DECIMAL</dataType>
                <type>TEXTFIELD</type>
                <constraints xsi:type="decimalConstraint">
                    <constraintType>DECIMALCONSTRAINT</constraintType>
                    <min>0.00</min>
                    <max>1000.00</max>
                </constraints>
                <size>20</size>
            </formElement>
        </attribute>
        <attribute>
            <name>Thrombozyten (G/l)</name>
            <recommended>false</recommended>
            <sort>10</sort>
            <unit></unit>
            <formElement xmlns:xsi="http://www.w3.org/2001/XMLSchema-instance" xsi:type="textField">
                <dataType>DECIMAL</dataType>
                <type>TEXTFIELD</type>
                <constraints xsi:type="decimalConstraint">
                    <constraintType>DECIMALCONSTRAINT</constraintType>
                    <min>0.00</min>
                    <max>1000.00</max>
                </constraints>
                <size>20</size>
            </formElement>
        </attribute>
        <attribute>
            <name>Lymphozyten (%)</name>
            <recommended>false</recommended>
            <sort>11</sort>
            <unit></unit>
            <formElement xmlns:xsi="http://www.w3.org/2001/XMLSchema-instance" xsi:type="textField">
                <dataType>DECIMAL</dataType>
                <type>TEXTFIELD</type>
                <constraints xsi:type="decimalConstraint">
                    <constraintType>DECIMALCONSTRAINT</constraintType>
                    <min>0.00</min>
                    <max>100.00</max>
                </constraints>
                <size>20</size>
            </formElement>
        </attribute>
        <attribute>
            <name>Lymphozyten (G/l)</name>
            <recommended>false</recommended>
            <sort>12</sort>
            <unit></unit>
            <formElement xmlns:xsi="http://www.w3.org/2001/XMLSchema-instance" xsi:type="textField">
                <dataType>DECIMAL</dataType>
                <type>TEXTFIELD</type>
                <constraints xsi:type="decimalConstraint">
                    <constraintType>DECIMALCONSTRAINT</constraintType>
                    <min>0.00</min>
                    <max>1000.00</max>
                </constraints>
                <size>20</size>
            </formElement>
        </attribute>
        <attribute>
            <name>Retikulozyten (%o)</name>
            <recommended>false</recommended>
            <sort>13</sort>
            <unit></unit>
            <formElement xmlns:xsi="http://www.w3.org/2001/XMLSchema-instance" xsi:type="textField">
                <dataType>DECIMAL</dataType>
                <type>TEXTFIELD</type>
                <constraints xsi:type="decimalConstraint">
                    <constraintType>DECIMALCONSTRAINT</constraintType>
                    <min>0.00</min>
                    <max>100.00</max>
                </constraints>
                <size>20</size>
            </formElement>
        </attribute>
        <attribute>
            <name>Monozyten (%)</name>
            <recommended>false</recommended>
            <sort>14</sort>
            <unit></unit>
            <formElement xmlns:xsi="http://www.w3.org/2001/XMLSchema-instance" xsi:type="textField">
                <dataType>DECIMAL</dataType>
                <type>TEXTFIELD</type>
                <constraints xsi:type="decimalConstraint">
                    <constraintType>DECIMALCONSTRAINT</constraintType>
                    <min>0.00</min>
                    <max>100.00</max>
                </constraints>
                <size>20</size>
            </formElement>
        </attribute>
        <attribute>
            <name>Monozyten (G/l)</name>
            <recommended>false</recommended>
            <sort>15</sort>
            <unit></unit>
            <formElement xmlns:xsi="http://www.w3.org/2001/XMLSchema-instance" xsi:type="textField">
                <dataType>DECIMAL</dataType>
                <type>TEXTFIELD</type>
                <constraints xsi:type="decimalConstraint">
                    <constraintType>DECIMALCONSTRAINT</constraintType>
                    <min>0.00</min>
                    <max>1000.00</max>
                </constraints>
                <size>20</size>
            </formElement>
        </attribute>
        <attribute>
            <name>Natrium Elektrolyte (mmol/l)</name>
            <recommended>false</recommended>
            <sort>16</sort>
            <unit></unit>
            <formElement xmlns:xsi="http://www.w3.org/2001/XMLSchema-instance" xsi:type="textField">
                <dataType>DECIMAL</dataType>
                <type>TEXTFIELD</type>
                <constraints xsi:type="decimalConstraint">
                    <constraintType>DECIMALCONSTRAINT</constraintType>
                    <min>0.00</min>
                    <max>1000.00</max>
                </constraints>
                <size>20</size>
            </formElement>
        </attribute>
        <attribute>
            <name>Eisen (ug/dl)</name>
            <recommended>false</recommended>
            <sort>17</sort>
            <unit></unit>
            <formElement xmlns:xsi="http://www.w3.org/2001/XMLSchema-instance" xsi:type="textField">
                <dataType>DECIMAL</dataType>
                <type>TEXTFIELD</type>
                <constraints xsi:type="decimalConstraint">
                    <constraintType>DECIMALCONSTRAINT</constraintType>
                    <min>0.00</min>
                    <max>1000.00</max>
                </constraints>
                <size>20</size>
            </formElement>
        </attribute>
        <attribute>
            <name>HbA1C (%)</name>
            <recommended>false</recommended>
            <sort>18</sort>
            <unit></unit>
            <formElement xmlns:xsi="http://www.w3.org/2001/XMLSchema-instance" xsi:type="textField">
                <dataType>DECIMAL</dataType>
                <type>TEXTFIELD</type>
                <constraints xsi:type="decimalConstraint">
                    <constraintType>DECIMALCONSTRAINT</constraintType>
                    <min>0.00</min>
                    <max>100.00</max>
                </constraints>
                <size>20</size>
            </formElement>
        </attribute>
        <attribute>
            <name>Eiweiss Harn (mg/24h)</name>
            <recommended>false</recommended>
            <sort>19</sort>
            <unit></unit>
            <formElement xmlns:xsi="http://www.w3.org/2001/XMLSchema-instance" xsi:type="textField">
                <dataType>DECIMAL</dataType>
                <type>TEXTFIELD</type>
                <constraints xsi:type="decimalConstraint">
                    <constraintType>DECIMALCONSTRAINT</constraintType>
                    <min>0.00</min>
                    <max>1000.00</max>
                </constraints>
                <size>20</size>
            </formElement>
        </attribute>
        <attribute>
            <name>Kalium Elektrolyte (mmol/l)</name>
            <recommended>false</recommended>
            <sort>20</sort>
            <unit></unit>
            <formElement xmlns:xsi="http://www.w3.org/2001/XMLSchema-instance" xsi:type="textField">
                <dataType>DECIMAL</dataType>
                <type>TEXTFIELD</type>
                <constraints xsi:type="decimalConstraint">
                    <constraintType>DECIMALCONSTRAINT</constraintType>
                    <min>0.00</min>
                    <max>1000.00</max>
                </constraints>
                <size>20</size>
            </formElement>
        </attribute>
        <attribute>
            <name>Glucose (mg/dl)</name>
            <recommended>false</recommended>
            <sort>21</sort>
            <unit></unit>
            <formElement xmlns:xsi="http://www.w3.org/2001/XMLSchema-instance" xsi:type="textField">
                <dataType>DECIMAL</dataType>
                <type>TEXTFIELD</type>
                <constraints xsi:type="decimalConstraint">
                    <constraintType>DECIMALCONSTRAINT</constraintType>
                    <min>0.00</min>
                    <max>1000.00</max>
                </constraints>
                <size>20</size>
            </formElement>
        </attribute>
        <attribute>
            <name>GammaGt (U/l)</name>
            <recommended>false</recommended>
            <sort>22</sort>
            <unit></unit>
            <formElement xmlns:xsi="http://www.w3.org/2001/XMLSchema-instance" xsi:type="textField">
                <dataType>DECIMAL</dataType>
                <type>TEXTFIELD</type>
                <constraints xsi:type="decimalConstraint">
                    <constraintType>DECIMALCONSTRAINT</constraintType>
                    <min>0.00</min>
                    <max>1000.00</max>
                </constraints>
                <size>20</size>
            </formElement>
        </attribute>
        <attribute>
            <name>Natrium Harn (mmol/24h)</name>
            <recommended>false</recommended>
            <sort>23</sort>
            <unit></unit>
            <formElement xmlns:xsi="http://www.w3.org/2001/XMLSchema-instance" xsi:type="textField">
                <dataType>DECIMAL</dataType>
                <type>TEXTFIELD</type>
                <constraints xsi:type="decimalConstraint">
                    <constraintType>DECIMALCONSTRAINT</constraintType>
                    <min>0.00</min>
                    <max>1000.00</max>
                </constraints>
                <size>20</size>
            </formElement>
        </attribute>
        <attribute>
            <name>Chloride Elektrolyte (mmol/l)</name>
            <recommended>false</recommended>
            <sort>24</sort>
            <unit></unit>
            <formElement xmlns:xsi="http://www.w3.org/2001/XMLSchema-instance" xsi:type="textField">
                <dataType>DECIMAL</dataType>
                <type>TEXTFIELD</type>
                <constraints xsi:type="decimalConstraint">
                    <constraintType>DECIMALCONSTRAINT</constraintType>
                    <min>0.00</min>
                    <max>1000.00</max>
                </constraints>
                <size>20</size>
            </formElement>
        </attribute>
        <attribute>
            <name>Harnstoff Niere (mg/dl)</name>
            <recommended>false</recommended>
            <sort>25</sort>
            <unit></unit>
            <formElement xmlns:xsi="http://www.w3.org/2001/XMLSchema-instance" xsi:type="textField">
                <dataType>DECIMAL</dataType>
                <type>TEXTFIELD</type>
                <constraints xsi:type="decimalConstraint">
                    <constraintType>DECIMALCONSTRAINT</constraintType>
                    <min>0.00</min>
                    <max>1000.00</max>
                </constraints>
                <size>20</size>
            </formElement>
        </attribute>
        <attribute>
            <name>TSH (uU/ml)</name>
            <recommended>false</recommended>
            <sort>26</sort>
            <unit></unit>
            <formElement xmlns:xsi="http://www.w3.org/2001/XMLSchema-instance" xsi:type="textField">
                <dataType>DECIMAL</dataType>
                <type>TEXTFIELD</type>
                <constraints xsi:type="decimalConstraint">
                    <constraintType>DECIMALCONSTRAINT</constraintType>
                    <min>0.00</min>
                    <max>1000.00</max>
                </constraints>
                <size>20</size>
            </formElement>
        </attribute>
        <attribute>
            <name>Kalium Harn (mmol/24h)</name>
            <recommended>false</recommended>
            <sort>27</sort>
            <unit></unit>
            <formElement xmlns:xsi="http://www.w3.org/2001/XMLSchema-instance" xsi:type="textField">
                <dataType>DECIMAL</dataType>
                <type>TEXTFIELD</type>
                <constraints xsi:type="decimalConstraint">
                    <constraintType>DECIMALCONSTRAINT</constraintType>
                    <min>0.00</min>
                    <max>1000.00</max>
                </constraints>
                <size>20</size>
            </formElement>
        </attribute>
        <attribute>
            <name>Calcium Elektrolyte (mmol/l)</name>
            <recommended>false</recommended>
            <sort>28</sort>
            <unit></unit>
            <formElement xmlns:xsi="http://www.w3.org/2001/XMLSchema-instance" xsi:type="textField">
                <dataType>DECIMAL</dataType>
                <type>TEXTFIELD</type>
                <constraints xsi:type="decimalConstraint">
                    <constraintType>DECIMALCONSTRAINT</constraintType>
                    <min>0.00</min>
                    <max>1000.00</max>
                </constraints>
                <size>20</size>
            </formElement>
        </attribute>
        <attribute>
            <name>Kreatinin Niere (mg/dl)</name>
            <recommended>false</recommended>
            <sort>29</sort>
            <unit></unit>
            <formElement xmlns:xsi="http://www.w3.org/2001/XMLSchema-instance" xsi:type="textField">
                <dataType>DECIMAL</dataType>
                <type>TEXTFIELD</type>
                <constraints xsi:type="decimalConstraint">
                    <constraintType>DECIMALCONSTRAINT</constraintType>
                    <min>0.00</min>
                    <max>1000.00</max>
                </constraints>
                <size>20</size>
            </formElement>
        </attribute>
        <attribute>
            <name>T4 (ng/dl)</name>
            <recommended>false</recommended>
            <sort>30</sort>
            <unit></unit>
            <formElement xmlns:xsi="http://www.w3.org/2001/XMLSchema-instance" xsi:type="textField">
                <dataType>DECIMAL</dataType>
                <type>TEXTFIELD</type>
                <constraints xsi:type="decimalConstraint">
                    <constraintType>DECIMALCONSTRAINT</constraintType>
                    <min>0.00</min>
                    <max>1000.00</max>
                </constraints>
                <size>20</size>
            </formElement>
        </attribute>
        <attribute>
            <name>Chlorid Harn (mmol/24h)</name>
            <recommended>false</recommended>
            <sort>31</sort>
            <unit></unit>
            <formElement xmlns:xsi="http://www.w3.org/2001/XMLSchema-instance" xsi:type="textField">
                <dataType>DECIMAL</dataType>
                <type>TEXTFIELD</type>
                <constraints xsi:type="decimalConstraint">
                    <constraintType>DECIMALCONSTRAINT</constraintType>
                    <min>0.00</min>
                    <max>1000.00</max>
                </constraints>
                <size>20</size>
            </formElement>
        </attribute>
        <attribute>
            <name>Phosphor Anorg Elektrolyte (mmol/l)</name>
            <recommended>false</recommended>
            <sort>32</sort>
            <unit></unit>
            <formElement xmlns:xsi="http://www.w3.org/2001/XMLSchema-instance" xsi:type="textField">
                <dataType>DECIMAL</dataType>
                <type>TEXTFIELD</type>
                <constraints xsi:type="decimalConstraint">
                    <constraintType>DECIMALCONSTRAINT</constraintType>
                    <min>0.00</min>
                    <max>1000.00</max>
                </constraints>
                <size>20</size>
            </formElement>
        </attribute>
        <attribute>
            <name>gotAsat (U/l)</name>
            <recommended>false</recommended>
            <sort>33</sort>
            <unit></unit>
            <formElement xmlns:xsi="http://www.w3.org/2001/XMLSchema-instance" xsi:type="textField">
                <dataType>DECIMAL</dataType>
                <type>TEXTFIELD</type>
                <constraints xsi:type="decimalConstraint">
                    <constraintType>DECIMALCONSTRAINT</constraintType>
                    <min>0.00</min>
                    <max>1000.00</max>
                </constraints>
                <size>20</size>
            </formElement>
        </attribute>
        <attribute>
            <name>T3 (pg/ml)</name>
            <recommended>false</recommended>
            <sort>34</sort>
            <unit></unit>
            <formElement xmlns:xsi="http://www.w3.org/2001/XMLSchema-instance" xsi:type="textField">
                <dataType>DECIMAL</dataType>
                <type>TEXTFIELD</type>
                <constraints xsi:type="decimalConstraint">
                    <constraintType>DECIMALCONSTRAINT</constraintType>
                    <min>0.00</min>
                    <max>1000.00</max>
                </constraints>
                <size>20</size>
            </formElement>
        </attribute>
        <attribute>
            <name>Kreatinin Harn (mg/24h)</name>
            <recommended>false</recommended>
            <sort>35</sort>
            <unit></unit>
            <formElement xmlns:xsi="http://www.w3.org/2001/XMLSchema-instance" xsi:type="textField">
                <dataType>DECIMAL</dataType>
                <type>TEXTFIELD</type>
                <constraints xsi:type="decimalConstraint">
                    <constraintType>DECIMALCONSTRAINT</constraintType>
                    <min>0.00</min>
                    <max>1000.00</max>
                </constraints>
                <size>20</size>
            </formElement>
        </attribute>
        <attribute>
            <name>Magnesium Elektrolyte (mmol/l)</name>
            <recommended>false</recommended>
            <sort>36</sort>
            <unit></unit>
            <formElement xmlns:xsi="http://www.w3.org/2001/XMLSchema-instance" xsi:type="textField">
                <dataType>DECIMAL</dataType>
                <type>TEXTFIELD</type>
                <constraints xsi:type="decimalConstraint">
                    <constraintType>DECIMALCONSTRAINT</constraintType>
                    <min>0.00</min>
                    <max>1000.00</max>
                </constraints>
                <size>20</size>
            </formElement>
        </attribute>
        <attribute>
            <name>gptAlat (U/l)</name>
            <recommended>false</recommended>
            <sort>37</sort>
            <unit></unit>
            <formElement xmlns:xsi="http://www.w3.org/2001/XMLSchema-instance" xsi:type="textField">
                <dataType>DECIMAL</dataType>
                <type>TEXTFIELD</type>
                <constraints xsi:type="decimalConstraint">
                    <constraintType>DECIMALCONSTRAINT</constraintType>
                    <min>0.00</min>
                    <max>1000.00</max>
                </constraints>
                <size>20</size>
            </formElement>
        </attribute>
        <attribute>
            <name>spezGew (p/ml)</name>
            <recommended>false</recommended>
            <sort>38</sort>
            <unit></unit>
            <formElement xmlns:xsi="http://www.w3.org/2001/XMLSchema-instance" xsi:type="textField">
                <dataType>DECIMAL</dataType>
                <type>TEXTFIELD</type>
                <constraints xsi:type="decimalConstraint">
                    <constraintType>DECIMALCONSTRAINT</constraintType>
                    <min>0.00</min>
                    <max>1000.00</max>
                </constraints>
                <size>20</size>
            </formElement>
        </attribute>
        <attribute>
            <name>Harnstoff Harn (mg/24h)</name>
            <recommended>false</recommended>
            <sort>39</sort>
            <unit></unit>
            <formElement xmlns:xsi="http://www.w3.org/2001/XMLSchema-instance" xsi:type="textField">
                <dataType>DECIMAL</dataType>
                <type>TEXTFIELD</type>
                <constraints xsi:type="decimalConstraint">
                    <constraintType>DECIMALCONSTRAINT</constraintType>
                    <min>0.00</min>
                    <max>1000.00</max>
                </constraints>
                <size>20</size>
            </formElement>
        </attribute>
        <attribute>
            <name>Kreatininclear Harn (ml/min)</name>
            <recommended>false</recommended>
            <sort>40</sort>
            <unit></unit>
            <formElement xmlns:xsi="http://www.w3.org/2001/XMLSchema-instance" xsi:type="textField">
                <dataType>DECIMAL</dataType>
                <type>TEXTFIELD</type>
                <constraints xsi:type="decimalConstraint">
                    <constraintType>DECIMALCONSTRAINT</constraintType>
                    <min>0.00</min>
                    <max>1000.00</max>
                </constraints>
                <size>20</size>
            </formElement>
        </attribute>
        <attribute>
            <name>Bemerkung</name>
            <recommended>false</recommended>
            <sort>41</sort>
            <unit></unit>
            <formElement xmlns:xsi="http://www.w3.org/2001/XMLSchema-instance" xsi:type="textArea">
                <dataType>LONGSTR</dataType>
                <type>TEXTAREA</type>
                <size>300</size>
            </formElement>
        </attribute>
    </attributeGroup>
</trialForm>
